{
  "variants": {
    "facing=north": {
      "model": "magicaltech:block/block_covered_infinity_lava_source"
    },
    "facing=east": {
      "model": "magicaltech:block/block_covered_infinity_lava_source",
      "y": 90
    },
    "facing=south": {
      "model": "magicaltech:block/block_covered_infinity_lava_source",
      "y": 180
    },
    "facing=west": {
      "model": "magicaltech:block/block_covered_infinity_lava_source",
      "y": 270
    },
    "facing=up": {
      "model": "magicaltech:block/block_covered_infinity_lava_source",
      "x": 270
    },
    "facing=down": {
      "model": "magicaltech:block/block_covered_infinity_lava_source",
      "x": 90
    }
  }
}